-- CreateTable
CREATE TABLE `users` (
    `user_id` INTEGER NOT NULL AUTO_INCREMENT,
    `name` VARCHAR(191) NULL,
    `email` VARCHAR(191) NOT NULL,
    `password_hash` VARCHAR(191) NOT NULL,
    `phone` VARCHAR(20) NULL,
    `avatar_url` VARCHAR(191) NULL,
    `role` VARCHAR(191) NOT NULL DEFAULT 'employee',
    `created_at` DATETIME(3) NOT NULL DEFAULT CURRENT_TIMESTAMP(3),

    UNIQUE INDEX `users_email_key`(`email`),
    PRIMARY KEY (`user_id`)
) DEFAULT CHARACTER SET utf8mb4 COLLATE utf8mb4_unicode_ci;

-- CreateTable
CREATE TABLE `directorates` (
    `directorate_id` INTEGER NOT NULL AUTO_INCREMENT,
    `name` VARCHAR(191) NOT NULL,

    UNIQUE INDEX `directorates_name_key`(`name`),
    PRIMARY KEY (`directorate_id`)
) DEFAULT CHARACTER SET utf8mb4 COLLATE utf8mb4_unicode_ci;

-- Insert directorates
INSERT INTO directorates (directorate_id, name) VALUES
(1, 'ماوية'),
(2, 'شرعب السلام'),
(3, 'شرعب الرونة'),
(4, 'مقبنة'),
(5, 'المخاء'),
(6, 'ذباب'),
(7, 'موزع'),
(8, 'جبل حبشي'),
(9, 'مشرعة وحدنان'),
(10, 'صبر الموادم'),
(11, 'المسراخ'),
(12, 'خدير'),
(13, 'الصلو'),
(14, 'الشمايتين'),
(15, 'الوازعيه'),
(16, 'حيفان'),
(17, 'المظفر'),
(18, 'القاهرة'),
(19, 'صالة'),
(20, 'التعزية'),
(21, 'المعافر'),
(22, 'المواسط'),
(23, 'سامع'),
(24, 'خيرية');

-- CreateTable
CREATE TABLE `offices` (
    `office_id` INTEGER NOT NULL AUTO_INCREMENT,
    `name` VARCHAR(191) NOT NULL,
    `directorate_id` INTEGER NOT NULL,

    UNIQUE INDEX `offices_name_directorate_id_key`(`name`, `directorate_id`),
    PRIMARY KEY (`office_id`)
) DEFAULT CHARACTER SET utf8mb4 COLLATE utf8mb4_unicode_ci;

-- CreateTable
CREATE TABLE `chapters` (
    `chapter_id` VARCHAR(191) NOT NULL,
    `name` VARCHAR(191) NOT NULL,

    PRIMARY KEY (`chapter_id`)
) DEFAULT CHARACTER SET utf8mb4 COLLATE utf8mb4_unicode_ci;

-- CreateTable
CREATE TABLE `sections` (
    `section_id` VARCHAR(191) NOT NULL,
    `name` VARCHAR(191) NOT NULL,
    `chapter_id` VARCHAR(191) NOT NULL,

    PRIMARY KEY (`section_id`)
) DEFAULT CHARACTER SET utf8mb4 COLLATE utf8mb4_unicode_ci;

-- CreateTable
CREATE TABLE `items` (
    `item_id` VARCHAR(191) NOT NULL,
    `name` VARCHAR(191) NOT NULL,
    `section_id` VARCHAR(191) NOT NULL,

    PRIMARY KEY (`item_id`)
) DEFAULT CHARACTER SET utf8mb4 COLLATE utf8mb4_unicode_ci;

-- CreateTable
CREATE TABLE `types` (
    `type_id` VARCHAR(191) NOT NULL,
    `name` VARCHAR(191) NOT NULL,
    `item_id` VARCHAR(191) NOT NULL,

    PRIMARY KEY (`type_id`)
) DEFAULT CHARACTER SET utf8mb4 COLLATE utf8mb4_unicode_ci;

-- CreateTable
CREATE TABLE `accna` (
  `account_id` INTEGER NOT NULL AUTO_INCREMENT,
  `account_name` VARCHAR(191) NOT NULL,
  `account_type` VARCHAR(191) NOT NULL,
  UNIQUE INDEX `accna_account_name_key`(`account_name`),
  PRIMARY KEY (`account_id`)
) DEFAULT CHARACTER SET utf8mb4 COLLATE utf8mb4_unicode_ci;

-- إدراج بيانات الحسابات مع نوع الحساب
INSERT INTO accna (account_name, account_type) VALUES
('الموارد', 'الحسابات الرئيسية'),
('الاستخدامات', 'الحسابات الرئيسية'),
('حساب البنك موارد محلية', 'الحسابات الرئيسية'),
('حساب البنك نفقات تشغيلية محلية', 'الحسابات الرئيسية'),
('حساب البنك اكتساب أصول غير مالية محلية', 'الحسابات الرئيسية'),
('جملة الحسابات الرئيسية', 'الحسابات الرئيسية'),
('حساب النقدية', 'الحسابات المساعدة المدينة'),
('حساب البنك موارد مشتركة', 'الحسابات المساعدة المدينة'),
('حساب البنك حسابات جارية', 'الحسابات المساعدة المدينة'),
('حساب البنك مساهمات ذاتية', 'الحسابات المساعدة المدينة'),
('حساب السلف المؤقتة', 'الحسابات المساعدة المدينة'),
('حساب سلف الحسابات الجارية', 'الحسابات المساعدة المدينة'),
('حساب السلف على الأجور', 'الحسابات المساعدة المدينة'),
('حساب الإعتمادات مستندية', 'الحسابات المساعدة المدينة'),
('حساب المبالغ المدفوعة مقدما', 'الحسابات المساعدة المدينة'),
('حساب المدينين (مالية)', 'الحسابات المساعدة المدينة'),
('حساب المدينين (سلطة محلية)', 'الحسابات المساعدة المدينة'),
('جملة الحسابات المساعدة المدينة', 'الحسابات المساعدة المدينة'),
('حساب الموارد المشتركة', 'الحسابات المساعدة الدائنة'),
('حساب الحسابات الجارية', 'الحسابات المساعدة الدائنة'),
('حساب المساهمات الذاتية', 'الحسابات المساعدة الدائنة'),
('حساب المبالغ الدائنة تحت التسوية', 'الحسابات المساعدة الدائنة'),
('حساب الدائنين (مالية)', 'الحسابات المساعدة الدائنة'),
('حساب الدائنين سلطة (محلية)', 'الحسابات المساعدة الدائنة'),
('جملة الحسابات المساعدة الدائنة', 'الحسابات المساعدة الدائنة'),
('حساب البنك أمانات', 'الحسابات الإنتقالية المدينة'),
('حساب إلتزامات سلع وخدمات وممتلكات', 'الحسابات الإنتقالية المدينة'),
('حساب إلتزامات إكتساب أصول ثابتة', 'الحسابات الإنتقالية المدينة'),
('حساب إلتزامات إكتساب أصول غير منتجة', 'الحسابات الإنتقالية المدينة'),
('حساب تسوية الموارد المحصلة مقدما', 'الحسابات الإنتقالية المدينة'),
('حساب الموارد المستحقة', 'الحسابات الإنتقالية المدينة'),
('حساب النفقات المقدمة عن سلع وخدمات وممتلكات', 'الحسابات الإنتقالية المدينة'),
('جملة الحسابات الانتقالية المدينة', 'الحسابات الإنتقالية المدينة'),
('حساب مرتجع الأجور', 'الحسابات الإنتقالية الدائنة'),
('حساب التأمينات المتنوعة', 'الحسابات الإنتقالية الدائنة'),
('حساب المبالغ الدائنة المحصنة للغير', 'الحسابات الإنتقالية الدائنة'),
('حساب دائنون التزامات قائمة', 'الحسابات الإنتقالية الدائنة'),
('حساب الموارد المحصلة مقدما', 'الحسابات الإنتقالية الدائنة'),
('حساب تسوية المستحقات والمقدمات المدينة', 'الحسابات الإنتقالية الدائنة'),
('جملة الحسابات الإنتقالية الدائنة', 'الحسابات الإنتقالية الدائنة'),
('حساب الكفالات', 'الحسابات النظامية'),
('حساب امانات الكفالات', 'الحسابات النظامية'),
('حساب الديون المستحقة للحكومة', 'الحسابات النظامية'),
('حساب متابعة مطلوبات الحكومة', 'الحسابات النظامية'),
('حساب الشيكات الواردة للتحصيل', 'الحسابات النظامية'),
('حساب الشيكات تحت التحصيل', 'الحسابات النظامية'),
('حساب الشيكات الواردة المؤجلة', 'الحسابات النظامية'),
('حساب الشيكات المؤجلة', 'الحسابات النظامية'),
('حساب المبالغ المستحقة عن أوراق ونماذج ذات قيمة', 'الحسابات النظامية'),
('حساب متابعة المبالع المستحقة من أوراق ونماذج ذات قيمة', 'الحسابات النظامية'),
('جملة الحسابات النظامية', 'الحسابات النظامية'),
('حساب إكتساب الاصول غير المالية', 'الحسابات الرقابية الإحصائية'),
('حساب مراقبه إكتساب الاصول غير المالية', 'الحسابات الرقابية الإحصائية'),
('حساب مراقبه المساهمات الذاتية والتعاونية', 'الحسابات الرقابية الإحصائية'),
('حساب المساهمات الذاتية والتعاونية', 'الحسابات الرقابية الإحصائية'),
('جملة الحسابات الرقابية الإحصائية', 'الحسابات الرقابية الإحصائية'),
('الاجمالي العام', 'الحسابات الرقابية الإحصائية');

CREATE TABLE `accounts` (
    `account_id` INTEGER NOT NULL AUTO_INCREMENT,
    `account_name` VARCHAR(191) NOT NULL,
    `accna_id` INTEGER NOT NULL,
    `debit` DECIMAL(15, 2) NOT NULL,
    `credit` DECIMAL(15, 2) NOT NULL,
    `date` DATE NOT NULL,
    PRIMARY KEY (`account_id`),
    FOREIGN KEY (`accna_id`) REFERENCES `accna`(`account_id`) ON DELETE RESTRICT ON UPDATE CASCADE,
    UNIQUE INDEX `accounts_account_name_key`(`account_name`)
) DEFAULT CHARACTER SET utf8mb4 COLLATE utf8mb4_unicode_ci;

-- CreateTable
CREATE TABLE `transactions` (
    `transaction_id` INTEGER NOT NULL AUTO_INCREMENT,
    `office_id` INTEGER NOT NULL,
    `directorate_id` INTEGER NOT NULL,
    `account_id` INTEGER NOT NULL,
    `type_id` VARCHAR(191) NOT NULL,
    `item_id` VARCHAR(191) NOT NULL,
    `section_id` VARCHAR(191) NOT NULL,
    `chapter_id` VARCHAR(191) NOT NULL,
    `amount` DECIMAL(15, 2) NOT NULL,
    `date` DATE NOT NULL,

    PRIMARY KEY (`transaction_id`)
) DEFAULT CHARACTER SET utf8mb4 COLLATE utf8mb4_unicode_ci;

-- CreateTable
CREATE TABLE `tasks` (
    `task_id` INTEGER NOT NULL AUTO_INCREMENT,
    `title` VARCHAR(191) NOT NULL,
    `due_date` DATE NULL,
    `priority` VARCHAR(191) NOT NULL,
    `completed` BOOLEAN NOT NULL DEFAULT false,
    `user_id` INTEGER NULL,
    `created_at` DATETIME(3) NOT NULL DEFAULT CURRENT_TIMESTAMP(3),

    PRIMARY KEY (`task_id`)
) DEFAULT CHARACTER SET utf8mb4 COLLATE utf8mb4_unicode_ci;

-- CreateTable
CREATE TABLE `notifications` (
    `notification_id` INTEGER NOT NULL AUTO_INCREMENT,
    `title` VARCHAR(191) NOT NULL,
    `message` TEXT NOT NULL,
    `type` VARCHAR(191) NOT NULL,
    `timestamp` DATETIME(3) NOT NULL DEFAULT CURRENT_TIMESTAMP(3),
    `user_id` INTEGER NOT NULL,
    `is_read` BOOLEAN NOT NULL DEFAULT false,

    PRIMARY KEY (`notification_id`)
) DEFAULT CHARACTER SET utf8mb4 COLLATE utf8mb4_unicode_ci;

-- AddForeignKey
ALTER TABLE `offices` ADD CONSTRAINT `offices_directorate_id_fkey` FOREIGN KEY (`directorate_id`) REFERENCES `directorates`(`directorate_id`) ON DELETE RESTRICT ON UPDATE CASCADE;

-- AddForeignKey
ALTER TABLE `sections` ADD CONSTRAINT `sections_chapter_id_fkey` FOREIGN KEY (`chapter_id`) REFERENCES `chapters`(`chapter_id`) ON DELETE RESTRICT ON UPDATE CASCADE;

-- AddForeignKey
ALTER TABLE `items` ADD CONSTRAINT `items_section_id_fkey` FOREIGN KEY (`section_id`) REFERENCES `sections`(`section_id`) ON DELETE RESTRICT ON UPDATE CASCADE;

-- AddForeignKey
ALTER TABLE `types` ADD CONSTRAINT `types_item_id_fkey` FOREIGN KEY (`item_id`) REFERENCES `items`(`item_id`) ON DELETE RESTRICT ON UPDATE CASCADE;

-- AddForeignKey
ALTER TABLE `transactions` ADD CONSTRAINT `transactions_office_id_fkey` FOREIGN KEY (`office_id`) REFERENCES `offices`(`office_id`) ON DELETE RESTRICT ON UPDATE CASCADE;

-- AddForeignKey
ALTER TABLE `transactions` ADD CONSTRAINT `transactions_type_id_fkey` FOREIGN KEY (`type_id`) REFERENCES `types`(`type_id`) ON DELETE RESTRICT ON UPDATE CASCADE;

-- AddForeignKey
ALTER TABLE `transactions` ADD CONSTRAINT `transactions_item_id_fkey` FOREIGN KEY (`item_id`) REFERENCES `items`(`item_id`) ON DELETE RESTRICT ON UPDATE CASCADE;

-- AddForeignKey
ALTER TABLE `transactions` ADD CONSTRAINT `transactions_section_id_fkey` FOREIGN KEY (`section_id`) REFERENCES `sections`(`section_id`) ON DELETE RESTRICT ON UPDATE CASCADE;

-- AddForeignKey
ALTER TABLE `transactions` ADD CONSTRAINT `transactions_chapter_id_fkey` FOREIGN KEY (`chapter_id`) REFERENCES `chapters`(`chapter_id`) ON DELETE RESTRICT ON UPDATE CASCADE;

-- AddForeignKey
ALTER TABLE `tasks` ADD CONSTRAINT `tasks_user_id_fkey` FOREIGN KEY (`user_id`) REFERENCES `users`(`user_id`) ON DELETE SET NULL ON UPDATE CASCADE;

-- AddForeignKey
ALTER TABLE `notifications` ADD CONSTRAINT `notifications_user_id_fkey` FOREIGN KEY (`user_id`) REFERENCES `users`(`user_id`) ON DELETE RESTRICT ON UPDATE CASCADE;

-- AddForeignKey for account_names

-- Insert initial data for chapters
INSERT INTO chapters (chapter_id, name) VALUES
('1_1', 'الإيرادات الضريبية'),
('1_2', 'المنـــــــــــــــــــــــــــح'),
('1_3', 'إيرادات دخل الملكية ومبيعات السلع والخدمات والتحويلات والمتنوعة'),
('1_4', 'التصرف في الأصول غير المالية'),
('2_1', 'أجور وتعويضات العاملين'),
('2_2', 'نفقات على السلع والخدمات والممتلكات'),
('2_3', 'الإعانات والمنح والمنافع الإجتماعية'),
('2_4', 'التصرف في الأصول غير المالية');

-- Insert initial data for sections
INSERT INTO sections (section_id, name, chapter_id) VALUES
('1_11', 'الإيرادات الضريبية', '1_1'),
('1_12', 'الضرائب على الدخل والأرباح والمكاسب الرأسمالية', '1_1'),
('1_13', 'الضرائب على رواتب وأجور القوى العاملة', '1_1'),
('1_14', 'الضرائب على الملكية', '1_1'),
('1_15', 'الضرائب على السلع والخدمات', '1_1'),
('1_23', 'الحصة من الموارد العامة المشتركة', '1_2'),
('1_31', 'دخل الملكية', '1_3'),
('1_32', 'الرسوم الإدارية', '1_3'),
('1_33', 'إيرادات البطاقات الشخصية والعائلية', '1_3'),
('1_34', 'الغرامات والجزاءات والمصادرات', '1_3'),
('1_35', 'إيرادات أخرى متنوعة', '1_3'),
('1_41', 'التصرف في الأصول الثابتة', '1_4'),
('1_43', 'التصرف في الأصول غير المنتجة', '1_4'),
('2_11', 'المرتبات والأجور وما في حكمها', '2_1'),
('2_12', 'المساهمات الإجتماعية', '2_1'),
('2_21', 'السلع والخدمات', '2_2'),
('2_22', 'نفقات سلعية وخدمية أخرى', '2_2'),
('2_24', 'استهلاك رأس المال الثابت', '2_2'),
('2_25', 'نفقات على الممتلكات بخلاف الفوائد', '2_2'),
('2_33', 'المنافع الإجتماعية', '2_3'),
('2_34', 'تحويلات وإعانات مالية أخرى', '2_3'),
('2_41', 'التصرف في الأصول الثابتة', '2_4'),
('2_43', 'التصرف في الأصول غير المنتجة', '2_4');


-- تصحيح إدراج البنود (items) بحيث section_id دائماً معرف فصل صحيح
INSERT INTO items (item_id, name, section_id) VALUES
('1_111', 'ايرادات الزكاة', '1_11'),
('1_121', 'الضرائب على دخل الأفراد', '1_12'),
('1_123', 'ضرائب دخل أخرى', '1_12'),
('1_131', 'الضرائب على رواتب وأجور القوى العاملة', '1_13'),
('1_143', 'الضرائب المعاملات المالية والرأسمالية', '1_14'),
('1_151', 'الضريبة العامة على مبيعات السلع والخدمات', '1_15'),
('1_153', 'الضرائب على الخدمات النوعية', '1_15'),
('1_154', 'الضرائب على استخدام السلع والتراخيص باستخدامها وتأدية الأنشطة', '1_15'),
('1_231', 'الحصة من الموارد المشتركة', '1_23'),
('1_232', 'منح عينية رأسمالية من مستويات حكومية أخرى', '1_23'),
('1_314', 'مبيعات السلع والخدامات', '1_31'),
('1_321', 'رسوم تخطيط واستشارات', '1_32'),
('1_322', 'رسوم تراخيص البناء وتجديدها', '1_32'),
('1_323', 'إيرادات السجل التجاري والصناعي', '1_32'),
('1_331', 'رسوم النوادي والجمعيات', '1_33'),
('1_332', 'رسوم رخص حيازة الأسلحة', '1_33'),
('1_341', 'ايرادات الجزاءات', '1_34'),
('1_342', 'الغرامات والمصادرات', '1_34'),
('1_351', 'التحويلات الطوعية بخلاف المنح', '1_35'),
('1_411', 'مبيعات المباني والإنشاءات', '1_41'),
('1_412', 'مبيعات الماكينات والمعدات', '1_41'),
('1_413', 'مبيعات أصول ثابتة أخرى', '1_41'),
('1_431', 'مبيعات الأراضي', '1_43'),
('2_111', 'المرتبات الأساسية', '2_11'),
('2_112', 'المرتبات والأجور التعاقدية والمؤقتة', '2_11'),
('2_113', 'المكافآت وأجور العمل الإضافي', '2_11'),
('2_114', 'البدلات', '2_11'),
('2_115', 'المزايا العينية', '2_11'),
('2_121', 'مساهمات الضمان الإجتماعي', '2_12'),
('2_122', 'مساهمة الحكومة في نظم الرعاية الإجتماعية', '2_12'),
('2_123', 'المساهمات الإجتماعية المحتسبة', '2_12'),
('2_211', 'خدمات المرافق', '2_21'),
('2_212', 'مستلزمات المكاتب', '2_21'),
('2_213', 'الإتصالات', '2_21'),
('2_214', 'الضيافة', '2_21'),
('2_215', 'نفقات ذات طابع خاص', '2_21'),
('2_216', 'نفقات النظافة', '2_21'),
('2_217', 'نفقات أخرى', '2_21'),
('2_218', 'نقل وانتقالات عامة', '2_21'),
('2_221', 'إيجارات الأصول المُنتجة', '2_22'),
('2_222', 'نفقات البحوث والتطوير والتدريب', '2_22'),
('2_223', 'أدوية ومستلزمات طبية ومواد أولية ومساندة', '2_22'),
('2_241', 'استهلاك المباني والإنشاءات', '2_24'),
('2_242', 'استهلاك الماكينات والمعدات', '2_24'),
('2_243', 'استهلاك أصول رأسمالية أخرى', '2_24'),
('2_251', 'ايجارات الأصول غير المُنتجة', '2_25'),
('2_332', 'المساعدات الإجتماعية لغير الموظفين', '2_33'),
('2_333', 'المنافع الإجتماعية للموظفين', '2_33'),
('2_341', 'تحويلات وإعانات مالية أخرى', '2_34'),
('2_345', 'التعويضات والغرامات والنفقات الطارئة', '2_34'),
('2_346', 'جملة الباب الأول والثاني والثالث ( الإستخدامات التشغيلية )', '2_34'),
('2_411', 'مبيعات المباني والإنشاءات', '2_41'),
('2_412', 'مبيعات الماكينات والمعدات', '2_41'),
('2_413', 'مبيعات أصول ثابتة أخرى', '2_41'),
('2_431', 'مبيعات الأراضي', '2_43'),
('2_434', 'مبيعات أراضي زراعية', '2_43');


-- تصحيح إدراج الأنواع (types) بحيث item_id دائماً معرف بند صحيح
INSERT INTO types (type_id, name, item_id) VALUES
('1_1111', 'زكاة الحبوب', '1_111'),
('1_1112', 'زكاة القات', '1_111'),
('1_1113', 'زكاة المخضرات', '1_111'),
('1_1114', 'زكاة المواشي', '1_111'),
('1_1115', 'زكاة الباطن على مؤسسات وشركات القطاع العام والمختلط', '1_111'),
('1_1116', 'زكاة الباطن على شركات القطاع الخاص', '1_111'),
('1_1117', 'زكاة الباطن على الأفراد', '1_111'),
('1_1118', 'زكاة الفطرة', '1_111'),
('1_1119', 'أخرى', '1_111'),
('1_1214', 'الضرائب على دخل الأفراد', '1_121'),
('1_1215', 'ضرائب أرباح المهن الحرة', '1_121'),
('1_1231', 'الضريبة على ريع العقارات والأراضي', '1_123'),
('1_1232', 'ضرائب دخل أخرى', '1_123'),
('1_1311', 'الضرائب على رواتب وأجور القوى العاملة', '1_131'),
('1_1431', 'الضرائب المعاملات المالية والرأسمالية', '1_143'),
('1_1432', 'رسوم نقل ملكية الأراضي', '1_143'),
('1_1433', 'رسوم نقل ملكية العقارات', '1_143'),
('1_1514', 'الضريبة العامة على مبيعات السلع والخدمات', '1_151'),
('1_1531', 'ضريبة مبيعات القات', '1_153'),
('1_1532', 'الضرائب على الخدمات النوعية', '1_153'),
('1_1534', 'ضرائب مبيعات تذاكر السينما والفيديو والكاسيت والمهرجانات والفعاليات الرياضية', '1_153'),
('1_1542', 'الرسم المضاف على فواتير الكهرباء والمياه والتلفون', '1_154'),
('1_1543', 'الضرائب على استخدام السلع والتراخيص باستخدامها وتأدية الأنشطة', '1_154'),
('1_1544', 'رخص وسائل النقل', '1_154'),
('1_15410', 'رسوم فتح المحلات التجارية', '1_154'),
('1_15411', 'رسوم تراخيص مزاولة المهن المختلفة', '1_154'),
('1_15412', 'رسوم الدعاية والإعلان', '1_154'),
('1_15413', 'رسوم رخص الأعمال الفنية', '1_154'),
('1_15415', 'ايرادات رخص مزاولة مهنة الاستيراد', '1_154'),
('1_2311', 'الحصة من الموارد المشتركة', '1_231'),
('1_2312', 'منح عينية رأسمالية من مستويات حكومية أخرى', '1_231'),
('1_2313', 'منح فنية واستشارية', '1_231'),
('1_2321', 'مبيعات السلع والخدامات', '1_232'),
('1_2322', 'مبيعات المنشآت السوقية', '1_232'),
('1_2323', 'مبيعات الحاصلات الزراعية', '1_232'),
('1_2324', 'مبيعات منشآت سوقية أخرى', '1_232'),
('1_2325', 'الرسوم الإدارية', '1_232'),
('1_31411', 'رسوم تخطيط واستشارات', '1_314'),
('1_31412', 'رسوم تراخيص البناء وتجديدها', '1_314'),
('1_31413', 'إيرادات السجل التجاري والصناعي', '1_314'),
('1_31414', 'رسوم توثيق العقود', '1_314'),
('1_3211', 'رسوم النوادي والجمعيات', '1_321'),
('1_3216', 'رسوم رخص حيازة الأسلحة', '1_321'),
('1_3221', 'رسوم ريّ وحفر الآبار', '1_322'),
('1_3222', 'ايرادات جوازات السفر', '1_322'),
('1_3223', 'رسوم تصاريح العمل والإقامة لغير اليمنين وتمديداتها', '1_322'),
('1_3225', 'رسوم سياحية', '1_322'),
('1_3227', 'إيرادات البطاقات الشخصية والعائلية', '1_322'),
('1_3228', 'رسوم شهادات المواليد والوفيات', '1_322'),
('1_3229', 'رسوم رخص القيادة', '1_322'),
('1_32211', 'رسوم حفر البيارات', '1_322'),
('1_32212', 'رسوم إستخدام أرضية الأسواق العامة والأرضية', '1_322'),
('1_32213', 'الرسم المضاف على رسوم خدمات المسالخ وأسواق اللحوم والأسماك', '1_322'),
('1_32215', 'رسوم إدارية أخرى', '1_322'),
('1_32216', 'مبيعات عرضية للمنشآت غير السوقية', '1_322'),
('1_32217', 'إيجارات المباني الحكومية', '1_322'),
('1_32218', 'إيجارات الالآت والمعدات', '1_322'),
('1_32219', 'ايرادات الطرقات', '1_322'),
('1_32220', 'رسوم استمارات وتسجيل', '1_322'),
('1_32221', 'رسوم امتحانات وشهادات', '1_322'),
('1_3231', 'رسوم مبيدات ولقاحات وأسمدة', '1_323'),
('1_3232', 'إيرادات تذاكر المعاينة', '1_323'),
('1_3235', 'إيرادات مخابر وأشعة', '1_323'),
('1_3237', 'إيرادات رقود وعمليات', '1_323'),
('1_3238', 'إيرادات شهادات صحية', '1_323'),
('1_32310', 'إيرادات الحجر الصحي', '1_323'),
('1_32311', 'رسوم النظافة', '1_323'),
('1_32312', 'رسوم الطرود الواردة', '1_323'),
('1_32313', 'رسوم المتاحف', '1_323'),
('1_32314', 'رسوم الإنتفاع بمواقف سيارات نقل الركاب والبضائع', '1_323'),
('1_32315', 'الرسم المقرر على حمولات وسائل نقل الأحجار والحصى والرمل', '1_323'),
('1_32316', 'الرسم المقرر على سيارات نقل الركاب براً', '1_323'),
('1_32317', 'الرسم المضاف على الرسوم المقررة على الطرود البريدية', '1_323'),
('1_32318', 'مببعات عرضية أخرى للمنشآت غير السوقية', '1_323'),
('1_32319', 'الغرامات والجزاءات والمصادرات', '1_323'),
('1_32320', 'ايرادات الجزاءات', '1_323'),
('1_32321', 'الغرامات والمصادرات', '1_323'),
('1_32322', 'الغرامات والمصادرات (محلية)', '1_323'),
('1_32323', 'الغرامات والمصادرات المشتركة الأخرى', '1_323'),
('1_3311', 'التحويلات الطوعية بخلاف المنح', '1_331'),
('1_3321', 'التحويلات الطوعية الجارية بخلاف المنح', '1_332'),
('1_3324', 'التحويلات الطوعية الرأسمالية بخلاف المنح', '1_332'),
('1_3411', 'إيرادات أخرى متنوعة', '1_341'),
('1_3412', 'الخردة والنفايات', '1_341'),
('1_3421', 'تعويضات إتلاف ممتلكات حكومية بخلاف المتحصلات الناشئة عن دعاوي قضائية', '1_342'),
('1_3422', 'المسترد من نفقات الموازنة عن سنين سابقة', '1_342'),
('1_3512', 'إيرادات متنوعة أخرى', '1_351'),
('1_3513', 'التصرف في الأصول غير المالية', '1_351'),
('1_3514', 'التصرف في الأصول الثابتة', '1_351'),
('1_3515', 'مبيعات المباني والإنشاءات', '1_351'),
('1_4111', 'مبيعات المباني السكنية', '1_411'),
('1_4112', 'مبيعات المباني غير السكنية', '1_411'),
('1_4113', 'مبيعات الإنشاءات الأخرى', '1_411'),
('1_4121', 'مبيعات الماكينات والمعدات', '1_412'),
('1_4122', 'مبيعات المركبات ووسائل النقل', '1_412'),
('1_4123', 'مبيعات أثاث ومعدات وأجهزة المكاتب', '1_412'),
('1_4131', 'مبيعات ماكينات ومعدات أخرى', '1_413'),
('1_4132', 'مبيعات أصول ثابتة أخرى', '1_413'),
('1_4133', 'مبيعات الأصول الحيوانية والنباتية', '1_413'),
('1_4311', 'مبيعات الأصول الثابتة غير المنظورة', '1_431'),
('1_4312', 'أخرى', '1_431'),
('1_4313', 'التصرف في الأصول غير المنتجة', '1_431'),
('1_4314', 'مبيعات الأراضي', '1_431'),
('1_4315', 'مبيعات أراضي زراعية', '1_431'),
('2_1111', 'المرتبات الأساسية', '2_111'),
('2_1123', 'أجور تعاقدية ومؤقتة', '2_112'),
('2_1131', 'أجور العمل الإضافي', '2_113'),
('2_1132', 'المكافآت', '2_113'),
('2_1141', 'بدل طبيعة العمل', '2_114'),
('2_1142', 'بدل مظهر', '2_114'),
('2_1143', 'بدل ريف', '2_114'),
('2_1144', 'بدل سكن', '2_114'),
('2_1145', 'بدل تحديث', '2_114'),
('2_1151', 'المزايا العينية', '2_115'),
('2_1211', 'مساهمات الضمان الإجتماعي', '2_121'),
('2_1212', 'مساهمات الحكومة في نظم الضمان الإجتماعي', '2_121'),
('2_1221', 'مساهمة الحكومة في نظم الرعاية الإجتماعية', '2_122'),
('2_1222', 'المساهمات الإجتماعية المحتسبة', '2_122'),
('2_1231', 'المساهمات الإجتماعية المحتسبة في نظم الضمان الأجتماعي', '2_123'),
('2_1232', 'المساهمات الإجتماعية المحتسبة في نظم الرعاية الإجتماعية', '2_123'),
('2_2111', 'مياه', '2_211'),
('2_2112', 'إنارة', '2_211'),
('2_2121', 'أدوات كتابية ومكتبية وكتب ومطبوعات', '2_212'),
('2_2131', 'نشر وإعلان ومجلات وجرائد', '2_213'),
('2_2132', 'البريد والإتصالات', '2_213'),
('2_2141', 'مؤتمرات واحتفالات وضيافة', '2_214'),
('2_2142', 'نفقات ذات طابع خاص', '2_214'),
('2_2143', 'نفقات النظافة', '2_214'),
('2_2144', 'نفقات أخرى', '2_214'),
('2_2151', 'نقل مهمات', '2_215'),
('2_2152', 'انتقالات داخلية', '2_215'),
('2_2153', 'حضور مؤتمرات وانتقالات خارجية', '2_215'),
('2_2161', 'إيجار المباني', '2_216'),
('2_2162', 'إيجار الآلآت والمعدات والأجهزة', '2_216'),
('2_2163', 'إيجارات أخرى', '2_216'),
('2_2171', 'نفقات البحوث والتطوير', '2_217'),
('2_2172', 'نفقات التدريب المحلي', '2_217'),
('2_2173', 'نفقات التدريب الخارجي', '2_217'),
('2_2181', 'أدوية ومستلزمات طبية ومواد أولية ومساندة', '2_218'),
('2_2182', 'أغذية وملبوسات', '2_218'),
('2_2183', 'نفقات أخرى', '2_218'),
('2_2211', 'صيانة البنية الأساسية', '2_221'),
('2_2212', 'صيانة الطرق والجسور', '2_221'),
('2_2213', 'صيانة المرافق العامة', '2_221'),
('2_2221', 'صيانة مباني وتحسينات صغيرة', '2_222'),
('2_2222', 'صيانة المركبات والمعدات والأثاث', '2_222'),
('2_2223', 'وقود وزيوت', '2_222'),
('2_2231', 'قطع غيار وصيانة وسائل النقل', '2_223'),
('2_2411', 'استهلاك المباني السكنية', '2_241'),
('2_2412', 'استهلاك المباني غير السكنية', '2_241'),
('2_2413', 'استهلاك الإنشاءات الأخرى', '2_241'),
('2_2421', 'استهلاك الماكينات والمعدات', '2_242'),
('2_2422', 'استهلاك المركبات ووسائل النقل', '2_242'),
('2_2431', 'استهلاك الماكينات والمعدات والأجهزة الأخرى', '2_243'),
('2_2432', 'استهلاك أصول رأسمالية أخرى', '2_243'),
('2_2433', 'استهلاك الأصول الثابتة غير المنظورة', '2_243'),
('2_2511', 'استهلاك التحسينات الكبيرة للأراضي', '2_251'),
('2_2512', 'استهلاك أصول رأسمالية أخرى', '2_251'),
('2_3322', 'المساعدات الإجتماعية لغير الموظفين', '2_332'),
('2_3323', 'إعاشات لغير الموظفين', '2_332'),
('2_3324', 'إعانات ومساعدات لغير الموظفين', '2_332'),
('2_3325', 'الإعانات الشهرية لغير الموظفين', '2_332'),
('2_3331', 'المساعدات الإجتماعية العينية لغير الموظفين', '2_333'),
('2_3332', 'المنافع الإجتماعية للموظفين', '2_333'),
('2_3333', 'تعويضات إنهاء الخدمة', '2_333'),
('2_3334', 'التعويضات التي تدفع للموظف أو أسرته عند التقاعد أو الوفاة أو الميلاد', '2_333'),
('2_3411', 'المنافع الإجتماعية العينية للموظفين', '2_341'),
('2_3412', 'منافع إجتماعية أخرى للموظفين', '2_341'),
('2_3451', 'تحويلات وإعانات مالية أخرى', '2_345'),
('2_3462', 'التعويضات والغرامات والنفقات الطارئة', '2_346'),
('2_4111', 'مبيعات المباني السكنية', '2_411'),
('2_4112', 'مبيعات المباني غير السكنية', '2_411'),
('2_4113', 'مبيعات الإنشاءات الأخرى', '2_411'),
('2_4121', 'مبيعات الماكينات والمعدات', '2_412'),
('2_4122', 'مبيعات المركبات ووسائل النقل', '2_412'),
('2_4123', 'مبيعات أثاث ومعدات وأجهزة المكاتب', '2_412'),
('2_4131', 'مبيعات ماكينات ومعدات أخرى', '2_413'),
('2_4132', 'مبيعات أصول ثابتة أخرى', '2_413'),
('2_4133', 'مبيعات الأصول الحيوانية والنباتية', '2_413'),
('2_4311', 'مبيعات الأصول الثابتة غير المنظورة', '2_431'),
('2_4312', 'أخرى', '2_431'),
('2_4313', 'التصرف في الأصول غير المنتجة', '2_431'),
('2_4314', 'مبيعات الأراضي', '2_431'),
('2_4315', 'مبيعات أراضي زراعية', '2_431'),
('2_4341', 'مبيعات أراضي زراعية', '2_434');



-- Insert offices for all directorates
INSERT INTO offices (name, directorate_id) VALUES
('المجلس المحلي', 1), ('السلطة القضائية', 1), ('الموارد المائية', 1), ('المغتربين', 1), ('الخدمة المدنية', 1), ('المالية', 1), ('الجمارك', 1), ('الضرائب', 1), ('الإدارة المحلية', 1), ('الداخلية', 1), ('الأحوال المدنية', 1), ('الجوازات', 1), ('الشئون القانونية', 1), ('التخطيط والتعاون الدولي', 1), ('التربية والتعليم', 1), ('المعهد الوطني', 1), ('مركز الدراسات', 1), ('التعليم الفني', 1), ('الصحة والسكان', 1), ('الشئون والعمل', 1), ('الثروة السمكية', 1), ('الشباب', 1), ('الثقافة', 1), ('السياحة', 1), ('الاعلام', 1), ('الأشغال العامة', 1), ('هـ.الأراضي والمساحة', 1), ('الزراعة والري', 1), ('الكهرباء', 1), ('المياه والبيئة', 1), ('الإتصالات', 1), ('النقل', 1), ('الصناعة والتجارة', 1), ('التوجيه والإرشاد', 1), ('الاثار', 1),
('المجلس المحلي', 2), ('السلطة القضائية', 2), ('الموارد المائية', 2), ('المغتربين', 2), ('الخدمة المدنية', 2), ('المالية', 2), ('الجمارك', 2), ('الضرائب', 2), ('الإدارة المحلية', 2), ('الداخلية', 2), ('الأحوال المدنية', 2), ('الجوازات', 2), ('الشئون القانونية', 2), ('التخطيط والتعاون الدولي', 2), ('التربية والتعليم', 2), ('المعهد الوطني', 2), ('مركز الدراسات', 2), ('التعليم الفني', 2), ('الصحة والسكان', 2), ('الشئون والعمل', 2), ('الثروة السمكية', 2), ('الشباب', 2), ('الثقافة', 2), ('السياحة', 2), ('الاعلام', 2), ('الأشغال العامة', 2), ('هـ.الأراضي والمساحة', 2), ('الزراعة والري', 2), ('الكهرباء', 2), ('المياه والبيئة', 2), ('الإتصالات', 2), ('النقل', 2), ('الصناعة والتجارة', 2), ('التوجيه والإرشاد', 2), ('الاثار', 2),
('المجلس المحلي', 3), ('السلطة القضائية', 3), ('الموارد المائية', 3), ('المغتربين', 3), ('الخدمة المدنية', 3), ('المالية', 3), ('الجمارك', 3), ('الضرائب', 3), ('الإدارة المحلية', 3), ('الداخلية', 3), ('الأحوال المدنية', 3), ('الجوازات', 3), ('الشئون القانونية', 3), ('التخطيط والتعاون الدولي', 3), ('التربية والتعليم', 3), ('المعهد الوطني', 3), ('مركز الدراسات', 3), ('التعليم الفني', 3), ('الصحة والسكان', 3), ('الشئون والعمل', 3), ('الثروة السمكية', 3), ('الشباب', 3), ('الثقافة', 3), ('السياحة', 3), ('الاعلام', 3), ('الأشغال العامة', 3), ('هـ.الأراضي والمساحة', 3), ('الزراعة والري', 3), ('الكهرباء', 3), ('المياه والبيئة', 3), ('الإتصالات', 3), ('النقل', 3), ('الصناعة والتجارة', 3), ('التوجيه والإرشاد', 3), ('الاثار', 3),
('المجلس المحلي', 4), ('السلطة القضائية', 4), ('الموارد المائية', 4), ('المغتربين', 4), ('الخدمة المدنية', 4), ('المالية', 4), ('الجمارك', 4), ('الضرائب', 4), ('الإدارة المحلية', 4), ('الداخلية', 4), ('الأحوال المدنية', 4), ('الجوازات', 4), ('الشئون القانونية', 4), ('التخطيط والتعاون الدولي', 4), ('التربية والتعليم', 4), ('المعهد الوطني', 4), ('مركز الدراسات', 4), ('التعليم الفني', 4), ('الصحة والسكان', 4), ('الشئون والعمل', 4), ('الثروة السمكية', 4), ('الشباب', 4), ('الثقافة', 4), ('السياحة', 4), ('الاعلام', 4), ('الأشغال العامة', 4), ('هـ.الأراضي والمساحة', 4), ('الزراعة والري', 4), ('الكهرباء', 4), ('المياه والبيئة', 4), ('الإتصالات', 4), ('النقل', 4), ('الصناعة والتجارة', 4), ('التوجيه والإرشاد', 4), ('الاثار', 4),
('المجلس المحلي', 5), ('السلطة القضائية', 5), ('الموارد المائية', 5), ('المغتربين', 5), ('الخدمة المدنية', 5), ('المالية', 5), ('الجمارك', 5), ('الضرائب', 5), ('الإدارة المحلية', 5), ('الداخلية', 5), ('الأحوال المدنية', 5), ('الجوازات', 5), ('الشئون القانونية', 5), ('التخطيط والتعاون الدولي', 5), ('التربية والتعليم', 5), ('المعهد الوطني', 5), ('مركز الدراسات', 5), ('التعليم الفني', 5), ('الصحة والسكان', 5), ('الشئون والعمل', 5), ('الثروة السمكية', 5), ('الشباب', 5), ('الثقافة', 5), ('السياحة', 5), ('الاعلام', 5), ('الأشغال العامة', 5), ('هـ.الأراضي والمساحة', 5), ('الزراعة والري', 5), ('الكهرباء', 5), ('المياه والبيئة', 5), ('الإتصالات', 5), ('النقل', 5), ('الصناعة والتجارة', 5), ('التوجيه والإرشاد', 5), ('الاثار', 5),
('المجلس المحلي', 6), ('السلطة القضائية', 6), ('الموارد المائية', 6), ('المغتربين', 6), ('الخدمة المدنية', 6), ('المالية', 6), ('الجمارك', 6), ('الضرائب', 6), ('الإدارة المحلية', 6), ('الداخلية', 6), ('الأحوال المدنية', 6), ('الجوازات', 6), ('الشئون القانونية', 6), ('التخطيط والتعاون الدولي', 6), ('التربية والتعليم', 6), ('المعهد الوطني', 6), ('مركز الدراسات', 6), ('التعليم الفني', 6), ('الصحة والسكان', 6), ('الشئون والعمل', 6), ('الثروة السمكية', 6), ('الشباب', 6), ('الثقافة', 6), ('السياحة', 6), ('الاعلام', 6), ('الأشغال العامة', 6), ('هـ.الأراضي والمساحة', 6), ('الزراعة والري', 6), ('الكهرباء', 6), ('المياه والبيئة', 6), ('الإتصالات', 6), ('النقل', 6), ('الصناعة والتجارة', 6), ('التوجيه والإرشاد', 6), ('الاثار', 6),
('المجلس المحلي', 7), ('السلطة القضائية', 7), ('الموارد المائية', 7), ('المغتربين', 7), ('الخدمة المدنية', 7), ('المالية', 7), ('الجمارك', 7), ('الضرائب', 7), ('الإدارة المحلية', 7), ('الداخلية', 7), ('الأحوال المدنية', 7), ('الجوازات', 7), ('الشئون القانونية', 7), ('التخطيط والتعاون الدولي', 7), ('التربية والتعليم', 7), ('المعهد الوطني', 7), ('مركز الدراسات', 7), ('التعليم الفني', 7), ('الصحة والسكان', 7), ('الشئون والعمل', 7), ('الثروة السمكية', 7), ('الشباب', 7), ('الثقافة', 7), ('السياحة', 7), ('الاعلام', 7), ('الأشغال العامة', 7), ('هـ.الأراضي والمساحة', 7), ('الزراعة والري', 7), ('الكهرباء', 7), ('المياه والبيئة', 7), ('الإتصالات', 7), ('النقل', 7), ('الصناعة والتجارة', 7), ('التوجيه والإرشاد', 7), ('الاثار', 7),
('المجلس المحلي', 8), ('السلطة القضائية', 8), ('الموارد المائية', 8), ('المغتربين', 8), ('الخدمة المدنية', 8), ('المالية', 8), ('الجمارك', 8), ('الضرائب', 8), ('الإدارة المحلية', 8), ('الداخلية', 8), ('الأحوال المدنية', 8), ('الجوازات', 8), ('الشئون القانونية', 8), ('التخطيط والتعاون الدولي', 8), ('التربية والتعليم', 8), ('المعهد الوطني', 8), ('مركز الدراسات', 8), ('التعليم الفني', 8), ('الصحة والسكان', 8), ('الشئون والعمل', 8), ('الثروة السمكية', 8), ('الشباب', 8), ('الثقافة', 8), ('السياحة', 8), ('الاعلام', 8), ('الأشغال العامة', 8), ('هـ.الأراضي والمساحة', 8), ('الزراعة والري', 8), ('الكهرباء', 8), ('المياه والبيئة', 8), ('الإتصالات', 8), ('النقل', 8), ('الصناعة والتجارة', 8), ('التوجيه والإرشاد', 8), ('الاثار', 8),
('المجلس المحلي', 9), ('السلطة القضائية', 9), ('الموارد المائية', 9), ('المغتربين', 9), ('الخدمة المدنية', 9), ('المالية', 9), ('الجمارك', 9), ('الضرائب', 9), ('الإدارة المحلية', 9), ('الداخلية', 9), ('الأحوال المدنية', 9), ('الجوازات', 9), ('الشئون القانونية', 9), ('التخطيط والتعاون الدولي', 9), ('التربية والتعليم', 9), ('المعهد الوطني', 9), ('مركز الدراسات', 9), ('التعليم الفني', 9), ('الصحة والسكان', 9), ('الشئون والعمل', 9), ('الثروة السمكية', 9), ('الشباب', 9), ('الثقافة', 9), ('السياحة', 9), ('الاعلام', 9), ('الأشغال العامة', 9), ('هـ.الأراضي والمساحة', 9), ('الزراعة والري', 9), ('الكهرباء', 9), ('المياه والبيئة', 9), ('الإتصالات', 9), ('النقل', 9), ('الصناعة والتجارة', 9), ('التوجيه والإرشاد', 9), ('الاثار', 9),
('المجلس المحلي', 10), ('السلطة القضائية', 10), ('الموارد المائية', 10), ('المغتربين', 10), ('الخدمة المدنية', 10), ('المالية', 10), ('الجمارك', 10), ('الضرائب', 10), ('الإدارة المحلية', 10), ('الداخلية', 10), ('الأحوال المدنية', 10), ('الجوازات', 10), ('الشئون القانونية', 10), ('التخطيط والتعاون الدولي', 10), ('التربية والتعليم', 10), ('المعهد الوطني', 10), ('مركز الدراسات', 10), ('التعليم الفني', 10), ('الصحة والسكان', 10), ('الشئون والعمل', 10), ('الثروة السمكية', 10), ('الشباب', 10), ('الثقافة', 10), ('السياحة', 10), ('الاعلام', 10), ('الأشغال العامة', 10), ('هـ.الأراضي والمساحة', 10), ('الزراعة والري', 10), ('الكهرباء', 10), ('المياه والبيئة', 10), ('الإتصالات', 10), ('النقل', 10), ('الصناعة والتجارة', 10), ('التوجيه والإرشاد', 10), ('الاثار', 10),
('المجلس المحلي', 11), ('السلطة القضائية', 11), ('الموارد المائية', 11), ('المغتربين', 11), ('الخدمة المدنية', 11), ('المالية', 11), ('الجمارك', 11), ('الضرائب', 11), ('الإدارة المحلية', 11), ('الداخلية', 11), ('الأحوال المدنية', 11), ('الجوازات', 11), ('الشئون القانونية', 11), ('التخطيط والتعاون الدولي', 11), ('التربية والتعليم', 11), ('المعهد الوطني', 11), ('مركز الدراسات', 11), ('التعليم الفني', 11), ('الصحة والسكان', 11), ('الشئون والعمل', 11), ('الثروة السمكية', 11), ('الشباب', 11), ('الثقافة', 11), ('السياحة', 11), ('الاعلام', 11), ('الأشغال العامة', 11), ('هـ.الأراضي والمساحة', 11), ('الزراعة والري', 11), ('الكهرباء', 11), ('المياه والبيئة', 11), ('الإتصالات', 11), ('النقل', 11), ('الصناعة والتجارة', 11), ('التوجيه والإرشاد', 11), ('الاثار', 11),
('المجلس المحلي', 12), ('السلطة القضائية', 12), ('الموارد المائية', 12), ('المغتربين', 12), ('الخدمة المدنية', 12), ('المالية', 12), ('الجمارك', 12), ('الضرائب', 12), ('الإدارة المحلية', 12), ('الداخلية', 12), ('الأحوال المدنية', 12), ('الجوازات', 12), ('الشئون القانونية', 12), ('التخطيط والتعاون الدولي', 12), ('التربية والتعليم', 12), ('المعهد الوطني', 12), ('مركز الدراسات', 12), ('التعليم الفني', 12), ('الصحة والسكان', 12), ('الشئون والعمل', 12), ('الثروة السمكية', 12), ('الشباب', 12), ('الثقافة', 12), ('السياحة', 12), ('الاعلام', 12), ('الأشغال العامة', 12), ('هـ.الأراضي والمساحة', 12), ('الزراعة والري', 12), ('الكهرباء', 12), ('المياه والبيئة', 12), ('الإتصالات', 12), ('النقل', 12), ('الصناعة والتجارة', 12), ('التوجيه والإرشاد', 12), ('الاثار', 12),
('المجلس المحلي', 13), ('السلطة القضائية', 13), ('الموارد المائية', 13), ('المغتربين', 13), ('الخدمة المدنية', 13), ('المالية', 13), ('الجمارك', 13), ('الضرائب', 13), ('الإدارة المحلية', 13), ('الداخلية', 13), ('الأحوال المدنية', 13), ('الجوازات', 13), ('الشئون القانونية', 13), ('التخطيط والتعاون الدولي', 13), ('التربية والتعليم', 13), ('المعهد الوطني', 13), ('مركز الدراسات', 13), ('التعليم الفني', 13), ('الصحة والسكان', 13), ('الشئون والعمل', 13), ('الثروة السمكية', 13), ('الشباب', 13), ('الثقافة', 13), ('السياحة', 13), ('الاعلام', 13), ('الأشغال العامة', 13), ('هـ.الأراضي والمساحة', 13), ('الزراعة والري', 13), ('الكهرباء', 13), ('المياه والبيئة', 13), ('الإتصالات', 13), ('النقل', 13), ('الصناعة والتجارة', 13), ('التوجيه والإرشاد', 13), ('الاثار', 13),
('المجلس المحلي', 14), ('السلطة القضائية', 14), ('الموارد المائية', 14), ('المغتربين', 14), ('الخدمة المدنية', 14), ('المالية', 14), ('الجمارك', 14), ('الضرائب', 14), ('الإدارة المحلية', 14), ('الداخلية', 14), ('الأحوال المدنية', 14), ('الجوازات', 14), ('الشئون القانونية', 14), ('التخطيط والتعاون الدولي', 14), ('التربية والتعليم', 14), ('المعهد الوطني', 14), ('مركز الدراسات', 14), ('التعليم الفني', 14), ('الصحة والسكان', 14), ('الشئون والعمل', 14), ('الثروة السمكية', 14), ('الشباب', 14), ('الثقافة', 14), ('السياحة', 14), ('الاعلام', 14), ('الأشغال العامة', 14), ('هـ.الأراضي والمساحة', 14), ('الزراعة والري', 14), ('الكهرباء', 14), ('المياه والبيئة', 14), ('الإتصالات', 14), ('النقل', 14), ('الصناعة والتجارة', 14), ('التوجيه والإرشاد', 14), ('الاثار', 14),
('المجلس المحلي', 15), ('السلطة القضائية', 15), ('الموارد المائية', 15), ('المغتربين', 15), ('الخدمة المدنية', 15), ('المالية', 15), ('الجمارك', 15), ('الضرائب', 15), ('الإدارة المحلية', 15), ('الداخلية', 15), ('الأحوال المدنية', 15), ('الجوازات', 15), ('الشئون القانونية', 15), ('التخطيط والتعاون الدولي', 15), ('التربية والتعليم', 15), ('المعهد الوطني', 15), ('مركز الدراسات', 15), ('التعليم الفني', 15), ('الصحة والسكان', 15), ('الشئون والعمل', 15), ('الثروة السمكية', 15), ('الشباب', 15), ('الثقافة', 15), ('السياحة', 15), ('الاعلام', 15), ('الأشغال العامة', 15), ('هـ.الأراضي والمساحة', 15), ('الزراعة والري', 15), ('الكهرباء', 15), ('المياه والبيئة', 15), ('الإتصالات', 15), ('النقل', 15), ('الصناعة والتجارة', 15), ('التوجيه والإرشاد', 15), ('الاثار', 15),
('المجلس المحلي', 16), ('السلطة القضائية', 16), ('الموارد المائية', 16), ('المغتربين', 16), ('الخدمة المدنية', 16), ('المالية', 16), ('الجمارك', 16), ('الضرائب', 16), ('الإدارة المحلية', 16), ('الداخلية', 16), ('الأحوال المدنية', 16), ('الجوازات', 16), ('الشئون القانونية', 16), ('التخطيط والتعاون الدولي', 16), ('التربية والتعليم', 16), ('المعهد الوطني', 16), ('مركز الدراسات', 16), ('التعليم الفني', 16), ('الصحة والسكان', 16), ('الشئون والعمل', 16), ('الثروة السمكية', 16), ('الشباب', 16), ('الثقافة', 16), ('السياحة', 16), ('الاعلام', 16), ('الأشغال العامة', 16), ('هـ.الأراضي والمساحة', 16), ('الزراعة والري', 16), ('الكهرباء', 16), ('المياه والبيئة', 16), ('الإتصالات', 16), ('النقل', 16), ('الصناعة والتجارة', 16), ('التوجيه والإرشاد', 16), ('الاثار', 16),
('المجلس المحلي', 17), ('السلطة القضائية', 17), ('الموارد المائية', 17), ('المغتربين', 17), ('الخدمة المدنية', 17), ('المالية', 17), ('الجمارك', 17), ('الضرائب', 17), ('الإدارة المحلية', 17), ('الداخلية', 17), ('الأحوال المدنية', 17), ('الجوازات', 17), ('الشئون القانونية', 17), ('التخطيط والتعاون الدولي', 17), ('التربية والتعليم', 17), ('المعهد الوطني', 17), ('مركز الدراسات', 17), ('التعليم الفني', 17), ('الصحة والسكان', 17), ('الشئون والعمل', 17), ('الثروة السمكية', 17), ('الشباب', 17), ('الثقافة', 17), ('السياحة', 17), ('الاعلام', 17), ('الأشغال العامة', 17), ('هـ.الأراضي والمساحة', 17), ('الزراعة والري', 17), ('الكهرباء', 17), ('المياه والبيئة', 17), ('الإتصالات', 17), ('النقل', 17), ('الصناعة والتجارة', 17), ('التوجيه والإرشاد', 17), ('الاثار', 17),
('المجلس المحلي', 18), ('السلطة القضائية', 18), ('الموارد المائية', 18), ('المغتربين', 18), ('الخدمة المدنية', 18), ('المالية', 18), ('الجمارك', 18), ('الضرائب', 18), ('الإدارة المحلية', 18), ('الداخلية', 18), ('الأحوال المدنية', 18), ('الجوازات', 18), ('الشئون القانونية', 18), ('التخطيط والتعاون الدولي', 18), ('التربية والتعليم', 18), ('المعهد الوطني', 18), ('مركز الدراسات', 18), ('التعليم الفني', 18), ('الصحة والسكان', 18), ('الشئون والعمل', 18), ('الثروة السمكية', 18), ('الشباب', 18), ('الثقافة', 18), ('السياحة', 18), ('الاعلام', 18), ('الأشغال العامة', 18), ('هـ.الأراضي والمساحة', 18), ('الزراعة والري', 18), ('الكهرباء', 18), ('المياه والبيئة', 18), ('الإتصالات', 18), ('النقل', 18), ('الصناعة والتجارة', 18), ('التوجيه والإرشاد', 18), ('الاثار', 18),
('المجلس المحلي', 19), ('السلطة القضائية', 19), ('الموارد المائية', 19), ('المغتربين', 19), ('الخدمة المدنية', 19), ('المالية', 19), ('الجمارك', 19), ('الضرائب', 19), ('الإدارة المحلية', 19), ('الداخلية', 19), ('الأحوال المدنية', 19), ('الجوازات', 19), ('الشئون القانونية', 19), ('التخطيط والتعاون الدولي', 19), ('التربية والتعليم', 19), ('المعهد الوطني', 19), ('مركز الدراسات', 19), ('التعليم الفني', 19), ('الصحة والسكان', 19), ('الشئون والعمل', 19), ('الثروة السمكية', 19), ('الشباب', 19), ('الثقافة', 19), ('السياحة', 19), ('الاعلام', 19), ('الأشغال العامة', 19), ('هـ.الأراضي والمساحة', 19), ('الزراعة والري', 19), ('الكهرباء', 19), ('المياه والبيئة', 19), ('الإتصالات', 19), ('النقل', 19), ('الصناعة والتجارة', 19), ('التوجيه والإرشاد', 19), ('الاثار', 19),
('المجلس المحلي', 20), ('السلطة القضائية', 20), ('الموارد المائية', 20), ('المغتربين', 20), ('الخدمة المدنية', 20), ('المالية', 20), ('الجمارك', 20), ('الضرائب', 20), ('الإدارة المحلية', 20), ('الداخلية', 20), ('الأحوال المدنية', 20), ('الجوازات', 20), ('الشئون القانونية', 20), ('التخطيط والتعاون الدولي', 20), ('التربية والتعليم', 20), ('المعهد الوطني', 20), ('مركز الدراسات', 20), ('التعليم الفني', 20), ('الصحة والسكان', 20), ('الشئون والعمل', 20), ('الثروة السمكية', 20), ('الشباب', 20), ('الثقافة', 20), ('السياحة', 20), ('الاعلام', 20), ('الأشغال العامة', 20), ('هـ.الأراضي والمساحة', 20), ('الزراعة والري', 20), ('الكهرباء', 20), ('المياه والبيئة', 20), ('الإتصالات', 20), ('النقل', 20), ('الصناعة والتجارة', 20), ('التوجيه والإرشاد', 20), ('الاثار', 20),
('المجلس المحلي', 21), ('السلطة القضائية', 21), ('الموارد المائية', 21), ('المغتربين', 21), ('الخدمة المدنية', 21), ('المالية', 21), ('الجمارك', 21), ('الضرائب', 21), ('الإدارة المحلية', 21), ('الداخلية', 21), ('الأحوال المدنية', 21), ('الجوازات', 21), ('الشئون القانونية', 21), ('التخطيط والتعاون الدولي', 21), ('التربية والتعليم', 21), ('المعهد الوطني', 21), ('مركز الدراسات', 21), ('التعليم الفني', 21), ('الصحة والسكان', 21), ('الشئون والعمل', 21), ('الثروة السمكية', 21), ('الشباب', 21), ('الثقافة', 21), ('السياحة', 21), ('الاعلام', 21), ('الأشغال العامة', 21), ('هـ.الأراضي والمساحة', 21), ('الزراعة والري', 21), ('الكهرباء', 21), ('المياه والبيئة', 21), ('الإتصالات', 21), ('النقل', 21), ('الصناعة والتجارة', 21), ('التوجيه والإرشاد', 21), ('الاثار', 21),
('المجلس المحلي', 22), ('السلطة القضائية', 22), ('الموارد المائية', 22), ('المغتربين', 22), ('الخدمة المدنية', 22), ('المالية', 22), ('الجمارك', 22), ('الضرائب', 22), ('الإدارة المحلية', 22), ('الداخلية', 22), ('الأحوال المدنية', 22), ('الجوازات', 22), ('الشئون القانونية', 22), ('التخطيط والتعاون الدولي', 22), ('التربية والتعليم', 22), ('المعهد الوطني', 22), ('مركز الدراسات', 22), ('التعليم الفني', 22), ('الصحة والسكان', 22), ('الشئون والعمل', 22), ('الثروة السمكية', 22), ('الشباب', 22), ('الثقافة', 22), ('السياحة', 22), ('الاعلام', 22), ('الأشغال العامة', 22), ('هـ.الأراضي والمساحة', 22), ('الزراعة والري', 22), ('الكهرباء', 22), ('المياه والبيئة', 22), ('الإتصالات', 22), ('النقل', 22), ('الصناعة والتجارة', 22), ('التوجيه والإرشاد', 22), ('الاثار', 22),
('المجلس المحلي', 23), ('السلطة القضائية', 23), ('الموارد المائية', 23), ('المغتربين', 23), ('الخدمة المدنية', 23), ('المالية', 23), ('الجمارك', 23), ('الضرائب', 23), ('الإدارة المحلية', 23), ('الداخلية', 23), ('الأحوال المدنية', 23), ('الجوازات', 23), ('الشئون القانونية', 23), ('التخطيط والتعاون الدولي', 23), ('التربية والتعليم', 23), ('المعهد الوطني', 23), ('مركز الدراسات', 23), ('التعليم الفني', 23), ('الصحة والسكان', 23), ('الشئون والعمل', 23), ('الثروة السمكية', 23), ('الشباب', 23), ('الثقافة', 23), ('السياحة', 23), ('الاعلام', 23), ('الأشغال العامة', 23), ('هـ.الأراضي والمساحة', 23), ('الزراعة والري', 23), ('الكهرباء', 23), ('المياه والبيئة', 23), ('الإتصالات', 23), ('النقل', 23), ('الصناعة والتجارة', 23), ('التوجيه والإرشاد', 23), ('الاثار', 23),
('المجلس المحلي', 24), ('السلطة القضائية', 24), ('الموارد المائية', 24), ('المغتربين', 24), ('الخدمة المدنية', 24), ('المالية', 24), ('الجمارك', 24), ('الضرائب', 24), ('الإدارة المحلية', 24), ('الداخلية', 24), ('الأحوال المدنية', 24), ('الجوازات', 24), ('الشئون القانونية', 24), ('التخطيط والتعاون الدولي', 24), ('التربية والتعليم', 24), ('المعهد الوطني', 24), ('مركز الدراسات', 24), ('التعليم الفني', 24), ('الصحة والسكان', 24), ('الشئون والعمل', 24), ('الثروة السمكية', 24), ('الشباب', 24), ('الثقافة', 24), ('السياحة', 24), ('الاعلام', 24), ('الأشغال العامة', 24), ('هـ.الأراضي والمساحة', 24), ('الزراعة والري', 24), ('الكهرباء', 24), ('المياه والبيئة', 24), ('الإتصالات', 24), ('النقل', 24), ('الصناعة والتجارة', 24), ('التوجيه والإرشاد', 24), ('الاثار', 24);
